{"pitch": [-1.5178031238004133, 6.1928800680682485, 219.06864773180004, 104.83748962985534], "energy": [-1.3760838508605957, 6.552351474761963, 51.58903550232465, 37.46158633050792]}